fname,lname,email
Nicole,Wagner,hjacobson@example.com
Jill,Valenzuela,brendamcmahon@example.com
Kayla,Haas,gregorymurphy@example.net
Emily,Allen,jordanrenee@example.com
Jonathan,Cline,melinda09@example.net
Nancy,Kelly,williamjohnson@example.org
Erik,Morris,cynthiaherrera@example.org
Bradley,Gallagher,patrick93@example.org
Lauren,Cook,vkramer@example.com
Blake,Lewis,hannahstevenson@example.com
John,Watts,abrady@example.com
Melissa,Wilkinson,wgibson@example.net
Mike,Donovan,collinsmathew@example.com
James,Moore,christinacarter@example.net
Jason,Horton,richard98@example.com
Sara,Houston,justin73@example.org
Sarah,Rodriguez,russell76@example.org
Michelle,Dodson,kellychavez@example.org
Robert,Peterson,john07@example.org
Jacqueline,Frank,cheryldudley@example.org
Hunter,Chavez,ericalarsen@example.com
Mary,Hunt,chloegonzalez@example.org
Larry,Roberts,isaac57@example.org
Christie,Bradford,mark48@example.net
Christopher,Cline,steven22@example.com
Lindsay,Mccullough,flynnjulie@example.net
Caitlin,Harris,kathleen22@example.com
Sheila,Berry,alex39@example.com
Brian,Park,bellis@example.net
Cindy,Kelly,farrellrhonda@example.org
Steven,Brooks,cassidylogan@example.net
Jennifer,Schneider,tgonzales@example.net
Stephanie,Randolph,greenekatherine@example.net
Theresa,Mckenzie,ccarter@example.org
Nicole,Miller,tdavis@example.com
Kelly,Brown,tmorales@example.org
Jonathan,Fuentes,vhood@example.org
Tiffany,Steele,garnermelissa@example.org
Tina,Santiago,luisjordan@example.net
Shane,Wagner,toddhunter@example.com
Stacey,Jordan,justin39@example.com
Marie,Peterson,cameronstephen@example.org
Natalie,Wallace,colestephen@example.net
Gerald,Moore,fpowell@example.com
David,Ochoa,smitheric@example.net
Francis,Hicks,ambermeadows@example.org
Thomas,Hall,kimwilliam@example.org
Joshua,Marsh,pamela56@example.net
Ashley,Patrick,nsmith@example.org
Jamie,Fuentes,rodriguezdawn@example.net
Christine,Torres,iwilliamson@example.net
Robert,Smith,lsolis@example.org
Jessica,Perry,josefinley@example.net
John,Smith,wagnerrobert@example.net
Antonio,Rodriguez,browningnicole@example.net
Ryan,Hickman,alexandercastillo@example.org
Joshua,Schmidt,maldonadomichael@example.net
Valerie,Olsen,murphywilliam@example.org
Aaron,Richardson,dparsons@example.com
James,Marsh,brettcooke@example.org
Alexis,Cannon,kelly59@example.com
Heather,Thomas,pwatkins@example.org
Zachary,Lee,rachael73@example.com
Andrew,Solis,jacob21@example.net
Douglas,King,ddaniels@example.org
Tara,Rivers,cynthia73@example.net
Justin,Hampton,david56@example.org
Eric,Gomez,bryan94@example.org
Sean,Green,shamilton@example.net
Traci,Anderson,emma38@example.org
Ashley,Thompson,ofriedman@example.org
Jeremy,Buchanan,cgarcia@example.net
Jeff,Bryan,aliciaharrison@example.org
Pamela,Saunders,masonjennifer@example.com
Jessica,Marquez,robert24@example.net
Katelyn,Hernandez,jacqueline98@example.net
Miguel,Patel,aaronbrooks@example.com
Michelle,Lam,gutierrezkenneth@example.org
Anna,Jordan,whitegarrett@example.net
Lauren,Burns,jjames@example.org
Elizabeth,Cameron,tsullivan@example.com
Kelly,Adams,crystalhunt@example.net
Zachary,Smith,stevenjohnson@example.net
Brittany,Anderson,hayesmichelle@example.com
Blake,Williams,vasquezdan@example.com
Peter,Juarez,tannerrussell@example.com
Christie,Wright,colemandavid@example.net
Dennis,Wilkerson,cjones@example.net
Kevin,Moreno,johnsonlarry@example.org
Patricia,Kane,jerome35@example.org
Donald,Stanton,patricia68@example.org
Gregory,Greene,laura02@example.com
Michael,Orozco,terri70@example.net
Olivia,Kelly,coffeydaniel@example.com
John,Diaz,victoriajohnson@example.com
Aaron,Taylor,douglas45@example.com
Melissa,Thompson,eric61@example.com
Curtis,Bowman,shannon61@example.net
Elizabeth,Rollins,christopher48@example.com
Connie,Freeman,ewagner@example.org
